Feature,Importance
tree_dbh,0.7667754079075209
stump_diam,0.2332245920924792
