Class,AUC
0,0.5290620842856574
1,0.5541662709165417
2,0.6226139918426945
